{
  "baseline": {
    "per_channel_db": [
      3.977329429069095,
      4.863418319579298,
      3.4855120674145668,
      3.7449751197110355
    ],
    "average_db": 4.0178087339434985
  },
  "yours": {
    "per_channel_db": [
      5.281595285456094,
      5.663574415953611,
      5.017703494454492,
      4.557003105463753
    ],
    "average_db": 5.129969075331987
  }
}